{"cameraMode":{"drawMode":0,"name":"Shaded","section":"Shading Mode"},"sceneLighting":true,"audioPlay":false,"sceneViewState":{"m_AlwaysRefresh":false,"showFog":true,"showSkybox":true,"showFlares":true,"showImageEffects":true,"showParticleSystems":true,"showVisualEffectGraphs":true,"m_FxEnabled":true},"in2DMode":false,"pivot":{"x":178.96084594726563,"y":162.05528259277345,"z":-15.389972686767579},"rotation":{"x":-0.02757587470114231,"y":-0.03777484968304634,"z":-0.0011114450171589852,"w":0.9990207552909851},"size":779.6084594726563,"orthographic":true}