{"cameraMode":{"drawMode":0,"name":"Shaded","section":"Shading Mode"},"sceneLighting":true,"audioPlay":false,"sceneViewState":{"m_AlwaysRefresh":false,"showFog":true,"showSkybox":true,"showFlares":true,"showImageEffects":true,"showParticleSystems":true,"showVisualEffectGraphs":true,"m_FxEnabled":true},"in2DMode":false,"pivot":{"x":-0.2927376627922058,"y":1.3212330341339112,"z":3.1348910331726076},"rotation":{"x":0.06046820059418678,"y":0.9393105506896973,"z":-0.22747574746608735,"w":0.24966862797737122},"size":2.6438772678375246,"orthographic":true}