{"cameraMode":{"drawMode":0,"name":"Shaded","section":"Shading Mode"},"sceneLighting":true,"audioPlay":false,"sceneViewState":{"m_AlwaysRefresh":false,"showFog":true,"showSkybox":true,"showFlares":true,"showImageEffects":true,"showParticleSystems":true,"showVisualEffectGraphs":true,"m_FxEnabled":true},"in2DMode":false,"pivot":{"x":925.3037719726563,"y":508.8042297363281,"z":-17.019432067871095},"rotation":{"x":-0.02399406023323536,"y":0.020989438518881799,"z":-0.0005156812258064747,"w":-0.9995349049568176},"size":781.19775390625,"orthographic":true}