{"cameraMode":{"drawMode":0,"name":"Shaded","section":"Shading Mode"},"sceneLighting":true,"audioPlay":false,"sceneViewState":{"m_AlwaysRefresh":false,"showFog":true,"showSkybox":true,"showFlares":true,"showImageEffects":true,"showParticleSystems":true,"showVisualEffectGraphs":true,"m_FxEnabled":true},"in2DMode":false,"pivot":{"x":0.7844919562339783,"y":-0.19295063614845277,"z":-0.10007724165916443},"rotation":{"x":-0.004437401425093412,"y":0.9459865689277649,"z":-0.3240237534046173,"w":-0.013071058318018914},"size":2.994385242462158,"orthographic":true}