{"cameraMode":{"drawMode":0,"name":"Shaded","section":"Shading Mode"},"sceneLighting":true,"audioPlay":false,"sceneViewState":{"m_AlwaysRefresh":false,"showFog":true,"showSkybox":true,"showFlares":true,"showImageEffects":true,"showParticleSystems":true,"showVisualEffectGraphs":true,"m_FxEnabled":true},"in2DMode":false,"pivot":{"x":-0.9214365482330322,"y":1.6563411951065064,"z":1.5334910154342652},"rotation":{"x":0.09459598362445831,"y":-0.8842440843582153,"z":0.20402412116527558,"w":0.4095858931541443},"size":1.8302379846572877,"orthographic":true}