{"cameraMode":{"drawMode":0,"name":"Shaded","section":"Shading Mode"},"sceneLighting":true,"audioPlay":false,"sceneViewState":{"m_AlwaysRefresh":false,"showFog":true,"showSkybox":true,"showFlares":true,"showImageEffects":true,"showParticleSystems":true,"showVisualEffectGraphs":true,"m_FxEnabled":true},"in2DMode":false,"pivot":{"x":1.999967098236084,"y":2.067119598388672,"z":1.0599125623703004},"rotation":{"x":0.051029108464717868,"y":-0.9400312304496765,"z":0.2957441508769989,"w":0.16234493255615235},"size":5.815325736999512,"orthographic":true}