{"cameraMode":{"drawMode":0,"name":"Shaded","section":"Shading Mode"},"sceneLighting":false,"audioPlay":false,"sceneViewState":{"m_AlwaysRefresh":false,"showFog":false,"showSkybox":false,"showFlares":false,"showImageEffects":false,"showParticleSystems":false,"showVisualEffectGraphs":true,"m_FxEnabled":true},"in2DMode":false,"pivot":{"x":-0.03156920149922371,"y":0.27135032415390017,"z":0.23954366147518159},"rotation":{"x":-0.036292873322963718,"y":-0.9334778189659119,"z":0.09897059947252274,"w":-0.34308159351348879},"size":1.0118038654327393,"orthographic":true}