{"cameraMode":{"drawMode":0,"name":"Shaded","section":"Shading Mode"},"sceneLighting":false,"audioPlay":false,"sceneViewState":{"m_AlwaysRefresh":false,"showFog":true,"showSkybox":false,"showFlares":true,"showImageEffects":true,"showParticleSystems":true,"showVisualEffectGraphs":true,"m_FxEnabled":true},"in2DMode":false,"pivot":{"x":-0.00006809830665588379,"y":1.1649999618530274,"z":0.41499996185302737},"rotation":{"x":-0.0031922589987516405,"y":0.994691014289856,"z":-0.09760195016860962,"w":-0.0325370728969574},"size":1.215200424194336,"orthographic":false}