{"cameraMode":{"drawMode":0,"name":"Shaded","section":"Shading Mode"},"sceneLighting":false,"audioPlay":false,"sceneViewState":{"m_AlwaysRefresh":false,"showFog":true,"showSkybox":false,"showFlares":true,"showImageEffects":true,"showParticleSystems":true,"showVisualEffectGraphs":true,"m_FxEnabled":true},"in2DMode":false,"pivot":{"x":0.31753164529800417,"y":0.9155402183532715,"z":0.07958333939313889},"rotation":{"x":-0.04598125070333481,"y":-0.9515940546989441,"z":0.1779273897409439,"w":-0.24683253467082978},"size":1.5126937627792359,"orthographic":true}