{"cameraMode":{"drawMode":0,"name":"Shaded","section":"Shading Mode"},"sceneLighting":false,"audioPlay":false,"sceneViewState":{"m_AlwaysRefresh":false,"showFog":true,"showSkybox":false,"showFlares":true,"showImageEffects":true,"showParticleSystems":true,"showVisualEffectGraphs":true,"m_FxEnabled":true},"in2DMode":false,"pivot":{"x":0.4081345796585083,"y":0.7625888586044312,"z":0.07334200292825699},"rotation":{"x":0.01807449944317341,"y":-0.970681369304657,"z":0.22767885029315949,"w":0.0764571949839592},"size":1.44462251663208,"orthographic":true}