{"cameraMode":{"drawMode":0,"name":"Shaded","section":"Shading Mode"},"sceneLighting":false,"audioPlay":false,"sceneViewState":{"m_AlwaysRefresh":false,"showFog":true,"showSkybox":false,"showFlares":true,"showImageEffects":true,"showParticleSystems":true,"showVisualEffectGraphs":true,"m_FxEnabled":true},"in2DMode":false,"pivot":{"x":0.31753164529800417,"y":0.9155402183532715,"z":0.07958333939313889},"rotation":{"x":-0.10210439562797547,"y":-0.7262549996376038,"z":0.11076176911592484,"w":-0.670886754989624},"size":1.0178982019424439,"orthographic":true}