{"cameraMode":{"drawMode":0,"name":"Shaded","section":"Shading Mode"},"sceneLighting":false,"audioPlay":false,"sceneViewState":{"m_AlwaysRefresh":false,"showFog":true,"showSkybox":false,"showFlares":true,"showImageEffects":true,"showParticleSystems":true,"showVisualEffectGraphs":true,"m_FxEnabled":true},"in2DMode":false,"pivot":{"x":-0.000610190792940557,"y":-0.01400909572839737,"z":0.027089448645710946},"rotation":{"x":-0.0019455041037872434,"y":0.5582078695297241,"z":0.0014057280495762826,"w":0.8297507166862488},"size":0.36107268929481509,"orthographic":true}