{"cameraMode":{"drawMode":0,"name":"Shaded","section":"Shading Mode"},"sceneLighting":false,"audioPlay":false,"sceneViewState":{"m_AlwaysRefresh":false,"showFog":true,"showSkybox":false,"showFlares":true,"showImageEffects":true,"showParticleSystems":true,"showVisualEffectGraphs":true,"m_FxEnabled":true},"in2DMode":false,"pivot":{"x":-0.001721356064081192,"y":-0.0019704625010490419,"z":-0.00014097988605499268},"rotation":{"x":0.02653570845723152,"y":-0.7763109803199768,"z":0.03254443034529686,"w":0.6290544867515564},"size":0.20512552559375764,"orthographic":true}