{"cameraMode":{"drawMode":0,"name":"Shaded","section":"Shading Mode"},"sceneLighting":false,"audioPlay":false,"sceneViewState":{"m_AlwaysRefresh":false,"showFog":true,"showSkybox":false,"showFlares":true,"showImageEffects":true,"showParticleSystems":true,"showVisualEffectGraphs":true,"m_FxEnabled":true},"in2DMode":false,"pivot":{"x":-0.00006809830665588379,"y":0.531475305557251,"z":-0.013364672660827637},"rotation":{"x":-0.10307879745960236,"y":-0.734623372554779,"z":0.11468295753002167,"w":-0.6608718037605286},"size":0.8048429489135742,"orthographic":true}