{"cameraMode":{"drawMode":0,"name":"Shaded","section":"Shading Mode"},"sceneLighting":false,"audioPlay":false,"sceneViewState":{"m_AlwaysRefresh":false,"showFog":true,"showSkybox":false,"showFlares":true,"showImageEffects":true,"showParticleSystems":true,"showVisualEffectGraphs":true,"m_FxEnabled":true},"in2DMode":false,"pivot":{"x":-0.00006809830665588379,"y":0.531475305557251,"z":-0.013364672660827637},"rotation":{"x":-0.06862035393714905,"y":-0.9011585712432861,"z":0.15509264171123506,"w":-0.3991906940937042},"size":1.4824711084365845,"orthographic":true}