{"cameraMode":{"drawMode":0,"name":"Shaded","section":"Shading Mode"},"sceneLighting":false,"audioPlay":false,"sceneViewState":{"m_AlwaysRefresh":false,"showFog":true,"showSkybox":false,"showFlares":true,"showImageEffects":true,"showParticleSystems":true,"showVisualEffectGraphs":true,"m_FxEnabled":true},"in2DMode":false,"pivot":{"x":0.10606832057237625,"y":0.8203586339950562,"z":0.41670340299606326},"rotation":{"x":-0.10307879745960236,"y":-0.734623372554779,"z":0.11468295753002167,"w":-0.6608718037605286},"size":1.1966902017593384,"orthographic":true}