{"cameraMode":{"drawMode":0,"name":"Shaded","section":"Shading Mode"},"sceneLighting":false,"audioPlay":false,"sceneViewState":{"m_AlwaysRefresh":false,"showFog":true,"showSkybox":false,"showFlares":true,"showImageEffects":true,"showParticleSystems":true,"showVisualEffectGraphs":true,"m_FxEnabled":true},"in2DMode":false,"pivot":{"x":-0.00006809830665588379,"y":0.7713633179664612,"z":0.6060000061988831},"rotation":{"x":0.0468318872153759,"y":-0.8422641158103943,"z":0.07390613853931427,"w":0.5320439338684082},"size":1.0439640283584595,"orthographic":true}