{"cameraMode":{"drawMode":0,"name":"Shaded","section":"Shading Mode"},"sceneLighting":false,"audioPlay":false,"sceneViewState":{"m_AlwaysRefresh":false,"showFog":true,"showSkybox":false,"showFlares":true,"showImageEffects":true,"showParticleSystems":true,"showVisualEffectGraphs":true,"m_FxEnabled":true},"in2DMode":false,"pivot":{"x":-0.018091216683387758,"y":0.7541728615760803,"z":0.6127733588218689},"rotation":{"x":0.0013611228205263615,"y":-0.9939151406288147,"z":0.11017579585313797,"w":0.011320562101900578},"size":1.0439640283584595,"orthographic":true}