{"cameraMode":{"drawMode":0,"name":"Shaded","section":"Shading Mode"},"sceneLighting":false,"audioPlay":false,"sceneViewState":{"m_AlwaysRefresh":false,"showFog":true,"showSkybox":false,"showFlares":true,"showImageEffects":true,"showParticleSystems":true,"showVisualEffectGraphs":true,"m_FxEnabled":true},"in2DMode":false,"pivot":{"x":-0.018091216683387758,"y":0.7541728615760803,"z":0.6127733588218689},"rotation":{"x":-0.006076644640415907,"y":-0.9936237931251526,"z":0.09087774902582169,"w":-0.0674784705042839},"size":2.206289291381836,"orthographic":true}