{"cameraMode":{"drawMode":0,"name":"Shaded","section":"Shading Mode"},"sceneLighting":false,"audioPlay":false,"sceneViewState":{"m_AlwaysRefresh":false,"showFog":true,"showSkybox":false,"showFlares":true,"showImageEffects":true,"showParticleSystems":true,"showVisualEffectGraphs":true,"m_FxEnabled":true},"in2DMode":false,"pivot":{"x":0.359497606754303,"y":1.0298738479614258,"z":-0.08263883739709854},"rotation":{"x":-0.011303016915917397,"y":0.9879385232925415,"z":-0.08796028047800064,"w":-0.12695251405239106},"size":1.1666563749313355,"orthographic":true}