{"cameraMode":{"drawMode":0,"name":"Shaded","section":"Shading Mode"},"sceneLighting":false,"audioPlay":false,"sceneViewState":{"m_AlwaysRefresh":false,"showFog":true,"showSkybox":false,"showFlares":true,"showImageEffects":true,"showParticleSystems":true,"showVisualEffectGraphs":true,"m_FxEnabled":true},"in2DMode":false,"pivot":{"x":0.359497606754303,"y":1.0298738479614258,"z":-0.08263883739709854},"rotation":{"x":-0.0012250321451574565,"y":0.9967946410179138,"z":-0.015551231801509858,"w":-0.07851190119981766},"size":1.5192900896072388,"orthographic":true}