{"cameraMode":{"drawMode":0,"name":"Shaded","section":"Shading Mode"},"sceneLighting":false,"audioPlay":false,"sceneViewState":{"m_AlwaysRefresh":false,"showFog":true,"showSkybox":false,"showFlares":true,"showImageEffects":true,"showParticleSystems":true,"showVisualEffectGraphs":true,"m_FxEnabled":true},"in2DMode":false,"pivot":{"x":0.359497606754303,"y":1.0298738479614258,"z":-0.08263883739709854},"rotation":{"x":-0.003049950348213315,"y":0.9929578304290772,"z":-0.026220204308629037,"w":-0.11550331860780716},"size":1.3394695520401,"orthographic":true}