{"cameraMode":{"drawMode":0,"name":"Shaded","section":"Shading Mode"},"sceneLighting":false,"audioPlay":false,"sceneViewState":{"m_AlwaysRefresh":false,"showFog":true,"showSkybox":false,"showFlares":true,"showImageEffects":true,"showParticleSystems":true,"showVisualEffectGraphs":true,"m_FxEnabled":true},"in2DMode":false,"pivot":{"x":-0.5442511439323425,"y":0.40179476141929629,"z":-0.341651052236557},"rotation":{"x":-0.23299266397953034,"y":0.02042406238615513,"z":-0.004866724833846092,"w":-0.9722773432731628},"size":1.5987333059310914,"orthographic":true}